Relevance,Explanation
RELEVANT,"The generated answer directly provides the correct syntax for using `precision_recall_fscore_support` in Python, including the necessary import statement and a clear example of how to call the function with parameters."
RELEVANT,"The generated answer directly addresses the question by providing specific instructions on how to modify scripts to avoid pickle errors when using waitress. It discusses the importance of placing the custom column transformer class in a separate module and the reasoning behind it, which is pertinent to resolving pickle errors."
RELEVANT,"The generated answer correctly specifies the command 'docker run -it --entrypoint bash <image>' which is the appropriate command to launch a container image in interactive mode, directly addressing the question."
RELEVANT,"The generated answer directly addresses the question about making a pull request for homework solutions in PyTorch, confirming that it is possible and providing additional context about the use of Keras, which is relevant to the homework context."
PARTLY_RELEVANT,"The generated answer addresses a potential cause of an error related to version conflicts with Scikit-Learn, which is relevant to package management issues in Python. However, it does not specifically address 'pip version error' or the context of the 'serverless deep learning section', making it only partly relevant to the original question."
RELEVANT,"The generated answer directly addresses the question by providing the specific command to run after editing the metrics-server to check the HPA (Horizontal Pod Autoscaler) status, which is exactly what the user is asking for."
RELEVANT,"The generated answer directly addresses the question by explaining how to check the AWS CLI version and emphasizes the importance of using AWS CLI version 2 for eksctl compatibility. It also provides a command to verify the version, which is exactly what the question asks for."
RELEVANT,"The generated answer directly addresses the question by providing a specific reason for the variations in accuracy values, namely the method of data splitting. It explains how different approaches to splitting data can lead to different training and testing samples, which in turn affects accuracy. This directly relates to the core of the question."
RELEVANT,"The generated answer directly addresses the issue of losing the REMOTE_URI variable after a session ends by providing a clear solution on how to set it again using the export command. It explains the need to redo this step for each new session, which is pertinent information in relation to the question asked."
RELEVANT,"The generated answer directly addresses the question by providing a specific location (Kaggle) where the script for generating the Kitchenware Classification Competition dataset can be found, thus meeting the user's request for information."
RELEVANT,"The generated answer directly addresses the question by providing a specific solution for the TensorFlow Serving error on Apple M1 Macs. It suggests using a different Docker image and includes detailed commands to execute, which are pertinent to resolving the stated issue."
RELEVANT,"The generated answer directly addresses the question by providing specific steps to resolve the NotSupportedError in section 5. The steps mentioned, including downgrading the protobuf package and regenerating Protobuf files, are appropriate actions that pertain to resolving the issue described in the question."
RELEVANT,"The generated answer directly addresses the question by identifying Tzvi Friedman as the contributor who added the solution for the specified error in Keras model training, thus providing the relevant information asked for."
PARTLY_RELEVANT,"The generated answer provides a step related to launching a PowerShell terminal and installing Chocolatey (choco), which is necessary before installing kind. However, it does not directly mention the installation of kind itself, making it only partly relevant to the specific question."
RELEVANT,"The generated answer provides a clear and specific method to fetch data using the `requests` library, including code that demonstrates how to download a dataset for homework. It fulfills the request for a method and is directly applicable to the question asked."
RELEVANT,"The generated answer directly addresses the question by confirming that the `mean_squared_error` function can be used to compute RMSE in one step and provides a clear explanation along with an example code snippet. The answer specifically mentions how to set the `squared` parameter to `False` to achieve this, which is precisely what the question is asking about."
RELEVANT,"The generated answer provides specific links to documentation that directly pertains to the initialization of Lambda functions, which is exactly what the question asks for."
RELEVANT,"The generated answer directly addresses the question about reading data from a GitHub URL using pandas by providing an appropriate code snippet. It clearly explains how to use the pd.read_csv function to load data from a specified GitHub link into a pandas DataFrame, fulfilling the user's request."
PARTLY_RELEVANT,"The generated answer addresses the use of a random seed and its impact on data splitting, which is relevant to the question. However, it lacks a detailed explanation of why specifically all missing values end up in the training dataframe and does not clarify if this is an expected behavior or an issue with the approach used. Thus, it provides some relevant context but does not fully answer the question."
RELEVANT,"The generated answer directly addresses the question by providing specific locations where materials related to the cohort can be found, including the course page and instructions for accessing the cohort folder and additional resources. This information is highly relevant to the user's request."
RELEVANT,"The generated answer directly addresses the question by providing a clear positive response and a specific link where the California housing dataset can be learned about, making it fully relevant to the inquiry."
RELEVANT,"The generated answer directly addresses the question by identifying Random Forest as the bagging algorithm and XGBoost as the boosting algorithm, which are the specific algorithms requested. The explanation provides additional context on how each algorithm functions within their respective categories, which enhances the relevance."
RELEVANT,"The generated answer directly addresses the question by stating that Ella Sahnan contributed the information about using metrics on a series or dataframe in section 4, thus providing the specific information requested."
RELEVANT,The generated answer directly addresses the request for a video that explains the normal form derivation for regression by suggesting a specific video that focuses on the normal equation derivation for linear regression.
RELEVANT,"The generated answer directly addresses the question by confirming that Google Cloud Platform offers free services, specifically mentioning microinstances and a variety of other services, which aligns with the inquiry about long-term free services."
RELEVANT,"The generated answer provides a direct link to a guide specifically for using Docker in Google Colab, which directly addresses the question asked."
RELEVANT,"The generated answer correctly identifies and provides the specific command needed to import the function for RMSE calculation from sklearn, accurately addressing the question asked."
PARTLY_RELEVANT,"The generated answer discusses the default region and the use of the `aws configure` command, which is related to the topic. However, it does not directly provide the alternative command the question asks for, making it only partially relevant."
RELEVANT,"The generated answer directly addresses the question by correctly identifying the `std()` function as the pandas function that computes the standard deviation from a series. It also provides practical examples demonstrating how to use the function with a series and a DataFrame, which adds clarity and relevance to the response."
RELEVANT,The generated answer directly addresses the question by providing the specific information requested about the default value for the number of workers in the fit function.
RELEVANT,"The generated answer directly addresses the issue of loading a Keras model that encounters an optimizer error by providing a specific solution (using `compile=False`). This is pertinent and actionable information for the user, making it highly relevant to the question."
RELEVANT,"The generated answer directly addresses the question by providing specific methods for verifying the results of code for evaluation metrics, utilizing built-in functions from the scikit-learn library. It includes code examples that show how to compute key evaluation metrics, which aligns perfectly with the user's request for verification of their code's outputs."
RELEVANT,"The generated answer directly addresses the question about the necessity of using regularization techniques in machine learning. It explains that regularization is not always needed and outlines conditions where it is advisable, making it relevant to the inquiry."
RELEVANT,"The generated answer accurately describes the role of `np.sign` in identifying the intersection between precision and recall curves by explaining how it helps to detect where the difference in precision and recall changes sign, thus leading to the intersection points."
RELEVANT,"The generated answer directly addresses the question by providing practical steps to solve the issue of running out of storage due to accumulated Docker images. It includes specific commands and actions to take, which are highly relevant and useful for the user's situation."
RELEVANT,"The generated answer directly addresses the question by clearly stating that folders are read in alphabetical order when determining numeric class labels in TensorFlow's `flow_from_directory`. It also provides a practical example that illustrates the concept, enhancing the relevance to the question asked."
RELEVANT,"The generated answer directly addresses the question by specifying the correct file to modify (`/etc/docker/daemon.json`) in order to fix Docker's DNS settings. It also provides a JSON configuration example and a command to restart Docker, which is pertinent to the process of applying the changes."
RELEVANT,"The generated answer directly addresses the question by stating that multiple models are required for the midterm, confirming that more than one model is sufficient, which aligns with the inquiry about a specific number of models."
RELEVANT,"The generated answer accurately explains why setting a threshold of 1.0 leads to a false positive rate (FPR) of 0.0. It details the relationship between the threshold, the function g(x), and the classification outcomes, providing a clear understanding of the concept."
RELEVANT,"The generated answer directly addresses the question by correctly identifying the pandas method `std()` for calculating the standard deviation of a series. It also provides valid examples of how to use this method with both a pandas Series and a DataFrame, which enhances the relevance by offering practical usage context."
RELEVANT,"The generated answer directly addresses the question about why df_train_full is not included for the correlation matrix task. It explains the reasoning behind excluding the validation dataset and highlights the importance of basing conclusions solely on the training data, which is relevant to ensuring accurate model performance assessment."
RELEVANT,"The generated answer provides clear and specific instructions on how to set up a Conda environment, including the necessary commands for creating and activating the environment. It also mentions the requirement for Anaconda or Miniconda, addressing potential prerequisites for users. Overall, it directly answers the question asked."
RELEVANT,"The generated answer directly addresses the ValueError related to feature names in XGBoost by providing specific solutions, such as removing unsupported characters and suggesting not to specify 'feature_names=' when configuring 'xgb.DMatrix'. This information is pertinent and useful for resolving the issue presented in the question."
RELEVANT,"The generated answer provides specific steps to resolve the 'Cannot connect to the docker daemon' issue on WSL, directly addressing the question. It includes troubleshooting methods such as checking Docker Desktop connection, adjusting settings in Docker Desktop, and a potential solution involving reinstalling Docker, making it highly relevant to the issue posed."
RELEVANT,"The generated answer directly addresses the question by confirming that completing the midterm project is not mandatory for obtaining the certificate, and it provides additional relevant information about the requirements for receiving the certificate."
NON_RELEVANT,"The generated answer does not address the question about starting the Docker daemon on Linux and states that it cannot provide an answer, thus failing to provide any relevant information or commands related to the query."
RELEVANT,"The generated answer directly addresses the question about eligibility for certification after missing the midterm project. It provides specific conditions under which certification can still be obtained, making it clearly relevant to the user's inquiry."
PARTLY_RELEVANT,"The answer provides a command for installing a tool that is related to md5 checksum functionality, but it does not directly state that 'md5sum' is typically not available on macOS and suggests an alternative tool. Additionally, the command for usage is accurate but might confuse users since 'md5sha1sum' is not exactly 'md5sum'. Therefore, while it relates to the question, it does not fully address the specific tool 'md5sum' as requested."
RELEVANT,"The generated answer directly addresses the question by providing a specific method (`docker cp` command) to transfer files from a local machine to a Docker container, including the syntax and explanation of how it works."
NON_RELEVANT,"The generated answer explicitly states that there is no mention of a YouTube video covering Evaluation Metrics for Classification, which directly addresses the question but does not provide any relevant information or alternative resources. Therefore, it does not answer the question positively or provide helpful context."
RELEVANT,"The generated answer directly responds to the question by providing the specific version of the zoomcamp-model image that is mentioned for Module 5 HW Question 6, which is exactly what was asked."
RELEVANT,"The generated answer correctly identifies FeatureHasher as the suitable method for handling categorical features with high cardinality, directly addressing the question asked."
RELEVANT,"The generated answer directly addresses the question about recommended data splitting methods by providing a specific approach and explaining the rationale behind it. It outlines the steps involved in the process clearly, thereby making it a relevant and informative response."
RELEVANT,"The generated answer directly addresses the issue presented in the question regarding the ValueError when loading HDF5 weights into a subclassed Model. It provides a relevant solution by suggesting to evaluate the model on input data, which is a necessary step to resolve the issue before loading weights."
RELEVANT,"The generated answer directly addresses the question about why AUC values change when re-running the DecisionTreeClassifier, explaining the impact of randomness and suggesting the use of a random seed to achieve consistent results. This makes the answer both relevant and helpful."
RELEVANT,"The generated answer addresses the f-string error directly by explaining a common mistake related to the f-string syntax (using parentheses instead of curly braces), which is relevant to the user's question about the f-string error in their code when deploying machine learning models."
PARTLY_RELEVANT,"The generated answer provides a command that might help in addressing the metadata loading error after restarting Docker Desktop and the terminal; however, it does not outline a complete procedure or alternative steps to follow if the initial restart fails, which would be necessary for a comprehensive answer."
RELEVANT,"The generated answer directly addresses the question by stating that there is no difference in the skills taught between the current iteration and 2021, effectively confirming that they remain the same."
PARTLY_RELEVANT,"The generated answer addresses the possibility of library version variations affecting homework responses but does not provide specific required versions, which is directly asked in the question. Therefore, it partially addresses the question without fully satisfying it."
RELEVANT,"The generated answer directly addresses the issue of resolving the 'wget is not recognized as an internal or external command' error on a Windows system by providing clear instructions to install wget using Chocolatey or by downloading a binary and placing it in the PATH, thus providing practical solutions to the question asked."
RELEVANT,"The generated answer directly addresses the question by identifying George Chizhmak as the provider of the solution for XGBoostError and explains that installing sklearn resolved the issue, which is pertinent information related to the question."
RELEVANT,The generated answer directly addresses the user's question about the specific error message related to the 'sklearn' module in BentoML. It explains that the error arises from specifying 'sklearn' instead of the correct 'scikit-learn' in the `bentofile.yaml` and provides a solution to resolve the issue. This is directly relevant and helpful to the user's situation.
RELEVANT,"The generated answer directly addresses the question by confirming that default values cannot be used for Access Key ID and Secret Access Key, while also explaining that other fields can use default values. This is consistent with the question's context and provides a clear answer."
RELEVANT,"The generated answer directly addresses the question about handling memory allocation errors in AWS ECS by providing a specific solution—suggesting to increase RAM and CPU in the task definition, which is an appropriate action to take when encountering memory allocation issues."
RELEVANT,The generated answer directly addresses the question by explaining that a negative accuracy difference means the model improved when the feature was removed. This is a clear and accurate response to the question posed.
RELEVANT,"The generated answer directly addresses the question by detailing the specific steps Ángel de Vicente took to fix the protobuf issue, including the creation of a virtual environment and the exact command used to install the necessary package versions. This information is directly related to the question asked."
RELEVANT,"The generated answer provides a clear, step-by-step guide on how to set up CUDA and cuDNN on Ubuntu 22.04, addressing all major components needed for the installation process. It details the installation of Nvidia drivers, the CUDA toolkit, and cuDNN, which are directly relevant to the question asked. The mention of TensorFlow with CUDA support also adds value to the context of usage, making the answer comprehensive and directly applicable to the setup queried."
PARTLY_RELEVANT,"The generated answer suggests referring to 'TODO' instructions, which implies that there is a specific guide to follow for initiating tasks. However, it does not provide any direct information or steps on how to initiate the tasks, leaving the user without clear guidance. Thus, it is somewhat relevant but lacking specificity."
RELEVANT,"The generated answer directly addresses the question by specifying the year (2021) related to the course solutions for using AUC, which is the information the question is asking for."
PARTLY_RELEVANT,"The generated answer acknowledges that an error occurs on the server side when using gunicorn, but it does not specify the actual error message that the question asks for. While it provides some relevant context about gunicorn and compares it to the waitress command, it ultimately does not fulfill the specific request for the error message."
RELEVANT,"The generated answer directly addresses the question by explaining the reason behind using DictVectorizer or get_dummies after splitting the data, specifically highlighting the avoidance of data leakage and the integrity of the evaluation process."
RELEVANT,"The generated answer directly addresses the question by identifying the person who added the solution to the NameError issue in the FAQ section, which is precisely what the question asks for."
RELEVANT,"The generated answer directly addresses the question by stating that Krishna Annad mentioned the usage of Yellowbrick for classification reports in the course, which is exactly what the question asks."
RELEVANT,"The generated answer directly addresses the error message regarding the 'kind' command not being recognized in Windows, providing specific steps to resolve the issue. It outlines the necessary actions needed to ensure the command can be executed successfully, which is precisely what the question is asking for."
RELEVANT,"The generated answer directly addresses the issue of 'kind' not being recognized as a command on Windows by providing specific steps to resolve the problem, including renaming the executable and adding the folder to the system's PATH, which are appropriate solutions for this type of error."
RELEVANT,"The generated answer provides clear and practical methods for visualizing feature importance in scikit-learn, specifically mentioning the use of a features importance graph and a horizontal bar chart. It includes step-by-step instructions and code snippets, making it directly applicable to the question about visualization techniques in scikit-learn."
PARTLY_RELEVANT,"The generated answer provides a solution for renaming a file by suggesting replacing a dash with an underscore, which is a valid method. However, it does not specifically address the context of 'waitress-serve', leaving out a direct link to how the renaming impacts that particular application or environment."
RELEVANT,"The generated answer directly addresses the question by providing specific commands to display the size of a Docker image. It includes two command line examples and explains how to replace the placeholder with the actual image name, which is exactly what the question asks for."
RELEVANT,"The generated answer correctly explains the function of KFold in relation to n_splits, shuffle, and random_state, clarifying how these parameters affect the splitting process. It provides comprehensive details about dataset shuffling and the importance of reproducibility, addressing the elements mentioned in the question effectively."
RELEVANT,"The generated answer provides a clear and direct method to load a dataset into Kaggle Notebooks using specific commands, which is precisely what the question asks for. It includes both the command to download the dataset and the command to read it into a pandas DataFrame, making it entirely relevant to the user's query."
RELEVANT,"The generated answer directly addresses the question by providing a clear and correct method to calculate the probability of class 0 based on the probability of class 1 predicted by a Keras model. It includes both the formula and an illustrative example, which enhances understanding."
RELEVANT,"The generated answer directly addresses the question by offering information about how to handle inquiries related to the course, specifically mentioning a platform (Slack) for asking questions and procedures for submitting questions for office hours, which is highly pertinent for anyone seeking clarification or assistance."
RELEVANT,"The generated answer directly addresses the question about posting the same content on multiple social sites for homework points. It confirms that it is possible and provides specific details about earning points, which is pertinent to the user's inquiry."
RELEVANT,"The generated answer directly addresses the error message regarding 'kind' not being recognized as a command by explaining that the executable requires renaming and proper placement in the PATH, which is likely the cause of the error. This provides a clear and actionable solution to the question asked."
RELEVANT,"The generated answer effectively explains why mutual information score cannot directly use continuous variables, highlighting the need to convert them to discrete variables and the challenges associated with binning. It addresses the specifics of the question and provides pertinent details."
PARTLY_RELEVANT,"The generated answer mentions a specific function (`keras.models.Sequential()`) which is related to modeling in Keras, but it does not directly address the method for passing multiple parameters, which is the key focus of the question. It suggests a specific approach but lacks clarity on how it relates to passing multiple parameters specifically."
RELEVANT,"The generated answer directly addresses how to handle categorical features before using Ridge Regression. It accurately describes the necessity of transforming categorical features into a numerical format, specifically through one-hot encoding, and explains the importance of this step for Ridge Regression, which cannot work with categorical data. Furthermore, it highlights a technical consideration regarding the one-hot encoding process, making the answer comprehensive and pertinent to the question."
PARTLY_RELEVANT,"The generated answer mentions a specific method related to DictVectorizer, which is useful information. However, it could be more comprehensive by outlining other important settings or considerations to ensure when using DictVectorizer, making it only partially relevant to the question."
RELEVANT,"The generated answer directly addresses the question by stating the correct command to install pip on Windows Subsystem for Linux (WSL), which is 'sudo apt install python3-pip'. This is a clear and concise response that meets the user's request for information."
RELEVANT,"The generated answer directly addresses the question by specifying the appropriate additional variable ('ocean_proximity') to use alongside the binarized price for calculating mutual information, which is exactly what the question asks for."
RELEVANT,The generated answer directly addresses the question by providing the name of the person who provided the solution for the AWS configuration issue specifically mentioned in video 9.6.
RELEVANT,"The generated answer directly addresses the issue of 'pipenv' not being recognized as an internal or external command by providing troubleshooting steps specific to Windows. It explains how to adjust the PATH variable, which is a common solution to this problem, and includes additional context regarding Anaconda, which is also relevant."
PARTLY_RELEVANT,"The generated answer provides information on how to contribute notes by using GitHub repositories, which may be relevant to a technical community that uses GitHub for collaboration. However, it does not directly address the specific process of adding notes to the 'Community Notes' section, nor does it clarify what that section is or how it is accessed. Therefore, while some aspects relate to contributing notes, it lacks full relevance to the specific question asked."
RELEVANT,The generated answer directly addresses the question by specifying that Larkin Andrii provided the answer regarding the recommended practice for using DictVectorizer or get_dummies. It is clear and relevant to the inquiry.
RELEVANT,"The generated answer directly addresses the question by providing a specific method for using the `mean_squared_error` function to calculate RMSE in Python, including an appropriate code snippet and a reference for further details."
RELEVANT,"The generated answer provides clear and concise steps to push an initial commit to GitHub, including how to perform the commit and push commands, as well as troubleshooting information about potential errors. It directly addresses the question posed."
RELEVANT,"The generated answer directly addresses the question by confirming that the course is available in a self-paced mode and elaborates on what that entails, making it fully relevant."
PARTLY_RELEVANT,"The generated answer provides a specific value (2560) for the number of workers to set for faster training on a T4 GPU in Google Colab, which is relevant to the question. However, it lacks context as the optimal number of workers can depend on various factors such as dataset size and model type, and suggesting such a high number without additional context may not be practical for all users."
PARTLY_RELEVANT,"The generated answer directly addresses the question about the values for CPU and memory in HW10 Q6, but it states that they are not arbitrary while the question suggests they might be. This leads to some confusion as to whether the values are expected to be fixed or flexible, thus making the answer only partly relevant."
RELEVANT,"The generated answer directly addresses the question by identifying the specific error ('NotSupportedError') that occurs when running the command 'eb local run --port 9696', along with a relevant explanation of the error message. This directly answers the question asked."
RELEVANT,"The generated answer directly addresses the question by providing a specific solution to avoid the 'manifest unknown' error when pulling a Docker image. It explains the importance of using the correct tag in the `docker pull` command, which is a common cause of this error. This practical advice is relevant and actionable for the user."
RELEVANT,The generated answer directly addresses the question by providing specific resources (links to documentation) that explain Lambda container images in-depth. This information is highly relevant for anyone seeking to understand the topic better.
PARTLY_RELEVANT,"The generated answer provides a suggestion on how to import a function in Python, but it does not address the specific context of Decision Trees and Ensemble Learning or explain why the ping function might be relevant to those concepts. Additionally, it assumes the existence of a `ping` function without clarifying its role or purpose in the context of the question."
RELEVANT,"The generated answer directly addresses the question by providing a specific link to the official Docker installation instructions for MacOS. Additionally, it includes relevant information about checking for the type of chip, which is useful for the user in the installation process."
RELEVANT,"The generated answer directly addresses the question by explaining how to specify files to be copied over in a Dockerfile. It correctly mentions the COPY instruction and provides a relevant example with the correct syntax, which fulfills the user's query."
RELEVANT,"The generated answer accurately describes what the command `sns.histplot(df['median_house_value'], kde=False)` does, explaining that it creates a histogram of the specified column and clarifying the purpose of the `kde=False` parameter. It provides a complete understanding of the command's functionality in the context of data visualization."
RELEVANT,"The generated answer directly addresses the question by providing the built-in function in 'nvidia-smi' for running it repeatedly. It includes the correct command format and an example, which is pertinent and complete information related to the query."
RELEVANT,"The generated answer accurately describes the purpose of using a seed value in data splitting for training and validation, emphasizing consistency and reproducibility in results. It addresses the question directly by explaining how a specific seed influences the data splitting process."
RELEVANT,The generated answer directly addresses the question by providing specific workarounds for the issue caused by newer versions of protobuf in session 10.3. It lists two clear and actionable solutions that are relevant to the problem at hand.
RELEVANT,"The generated answer directly addresses the question by suggesting the specific step of restarting the Jupyter notebook after installing new packages to ensure that imports work correctly. This response is both applicable and informative, providing a clear solution to the user's issue regarding Jupyter notebook imports."
RELEVANT,"The generated answer directly addresses the question by providing the method to check the column info and memory usage of a pandas DataFrame using the `info()` method. It describes what the method does, making it highly relevant to the question asked."
RELEVANT,"The generated answer directly addresses the question by providing a clear rationale for transforming the target variable to logarithmic distribution, specifically in the context of skewness and stability of variance. It also mentions the importance of assessing the distribution visually and notes the limitation regarding negative values, which adds to the completeness of the response."
RELEVANT,"The generated answer directly addresses the question by explaining the role of the seed value in TensorFlow to ensure reproducibility of results across training runs. It provides specific details on setting the seed and mentions the use of relevant functions, which enriches the response and confirms its relevance to the question asked."
PARTLY_RELEVANT,"The generated answer addresses the 'contextfilter' error related to 'jinja2' in the context of a Jupyter notebook, but the suggested solution of upgrading 'nbconvert' does not directly resolve the specific error mentioned. The solution may help overall functionality but does not clearly solve the issue at hand."
RELEVANT,"The generated answer provides a clear and effective method for identifying high correlation between features, specifically by creating a correlation matrix and visualizing it with a heatmap. This directly addresses the question and offers practical coding examples to facilitate understanding."
RELEVANT,"The generated answer directly addresses the question by stating that the Dockerfile should be named 'Dockerfile' without any extension, which is precisely what the question inquires about. Additionally, it provides relevant context regarding potential errors when using incorrect naming conventions."
RELEVANT,"The generated answer directly addresses the question by recommending Visual Studio Code as the best IDE for machine learning. It explains key features that support machine learning development, thus providing relevant information for the user's inquiry."
RELEVANT,"The generated answer provides a clear explanation of why linear regression does not yield a perfect fit, referencing overfitting and the limitations of linear models in capturing complex data relationships. This directly addresses the question asked."
RELEVANT,"The generated answer directly addresses the question by providing an alternative command (`!dir`) for the Windows Jupyter Notebook that serves a similar purpose to `!ls -lh`, which is what the user asked for."
RELEVANT,"The generated answer directly addresses the issue of the model's accuracy dropping to 0.5 after augmentation by suggesting a specific action (checking the 'rescale' option) that could help resolve the problem. It also provides context about what the accuracy level indicates, which is useful for understanding the situation."
RELEVANT,"The generated answer directly addresses the question by stating that it is recommended to rewatch the video on the ROC curve. Additionally, it provides a rationale for this recommendation, emphasizing the importance of the ROC AUC metric in Binary Classification models, which adds depth and context to the response."
RELEVANT,"The generated answer directly addresses the question by providing the correct method to create a deep copy of a dataframe, specifying the code snippet and explaining the function's purpose. This makes it entirely relevant to the user's inquiry."
RELEVANT,"The generated answer directly addresses the issue of the error message regarding `python_version` and `python_full_version` in the context of `pipenv install` by providing specific steps to resolve it, which is directly related to the user's question."
RELEVANT,"The generated answer addresses the question directly by explaining that the difference in area on each side of the long tail distribution is due to the presence of high-value observations. It also touches on related concepts such as the mean, median, and mode, which are relevant to understanding the asymmetry in the distribution, making the answer pertinent to the question."
RELEVANT,"The generated answer directly addresses the question regarding the error of having only one class, explaining that it is due to the churn column consisting solely of 0's. It also provides a specific example of how the data might be incorrectly classified and offers actionable advice on how to ensure both classes are present, which is pertinent to resolving the issue."
RELEVANT,"The generated answer directly addresses the question by stating the amount of time students in the previous cohort spent weekly, which is the information requested."
RELEVANT,"The generated answer directly addresses the question about resolving an error related to scipy while using ImageDataGenerator. It provides clear, actionable steps that a user can follow to troubleshoot the issue, making it relevant and useful."
RELEVANT,"The generated answer provides a clear example of using the COPY command in a Dockerfile, which directly addresses the question asked. It explains the command and its functionality, thereby giving the user useful information related to their query."
RELEVANT,"The generated answer directly addresses the question by explaining that '500m' in Kubernetes CPU limits refers to 500 milliCPUs, which is a clear and accurate interpretation. It also provides additional context about the meaning of 'm' and the benefits of specifying CPU requirements with granularity, making it highly relevant to the inquiry."
RELEVANT,"The generated answer provides a clear and specific example of using curl to download a file on macOS, including the exact command and an explanation of its components, which directly addresses the question."
RELEVANT,The generated answer directly addresses the question about handling `fillna()` in the context of regression by recommending that missing values be filled before data splitting to prevent data leakage. It provides relevant and practical guidance on how to manage missing values in a regression context.
RELEVANT,"The generated answer provides specific and actionable steps for debugging a Docker container, including commands to run a container in interactive mode and how to access a running container. This directly addresses the question asked."
RELEVANT,The generated answer directly addresses the question by providing a specific link where details on configuring the environment on a Mac with an M1 chip can be found. This explicitly fulfills the request for information.
RELEVANT,"The generated answer directly addresses the question by confirming that the AWS Serverless Framework can assist in deploying a Flask application on AWS Lambda. It provides a brief overview of the process, including creating a Docker image and using API Gateway, which aligns with the user's query about deployment. Additionally, the mention of a detailed walkthrough gives the user a resource for further information, enhancing the relevance."
RELEVANT,"The generated answer correctly identifies that np.log1p() is most useful for target variables with a long tail distribution, which aligns directly with the question regarding the type of target variable distribution."
RELEVANT,"The generated answer directly addresses the question by providing specific sections that contain guides for installing CUDA and cuDNN on a local machine, including a simplified guide and detailed instructions. This aligns well with the request for a guide."
RELEVANT,"The generated answer directly addresses the question regarding the deprecation of `get_feature_names` by providing the appropriate alternative method `get_feature_names_out()`. It also offers specific guidance on how to implement this change in code, which is highly relevant to someone dealing with this deprecation in a machine learning context."
PARTLY_RELEVANT,"The generated answer provides an example of the COPY command used in a Dockerfile, but it includes an unnecessary use of an array syntax (with brackets and double quotes) that is not typical for simple use cases. A more straightforward example without brackets would have been more appropriate for conveying the basic syntax."
RELEVANT,"The generated answer directly addresses the question about what to do if Pipfile and Pipfile.lock dependencies aren't correctly updated by providing specific, actionable steps to troubleshoot and resolve the issue."
NON_RELEVANT,"The generated answer provides information about the number of posts required for a midterm project but does not address the question itself, which is unspecified. Without the context of what 'question1' is asking, the answer appears to be completely unrelated."
RELEVANT,"The generated answer directly addresses the question by providing a link to the TensorFlow documentation, which is a relevant source for information on the 'workers' parameter in 'model.fit()'. Additionally, it includes a brief explanation of the parameter's purpose and how to use it, which enhances the relevance to the user's query."
RELEVANT,"The generated answer directly addresses the question by explaining how to shuffle a complete dataset using the pandas library. It provides the correct code snippet and details on the parameters used, making it highly relevant to the question asked."
RELEVANT,"The generated answer directly addresses the question regarding the difference in accuracy when compared to homework options, providing a plausible reason related to data splitting methods. It also suggests actions to minimize discrepancies, which is pertinent to the question asked."
RELEVANT,"The generated answer provides clear and direct instructions on how to configure the console for pushing Docker images to Google Container Registry, including the installation of the Google Cloud SDK and the command to authenticate Docker with the registry."
RELEVANT,"The generated answer provides a clear and step-by-step method for calculating the RMSE score, including the necessary code and explanations. It directly addresses the question and offers both a basic method and an alternative approach, making it comprehensive and relevant."
RELEVANT,"The generated answer directly addresses the question by explaining what to do if password authentication for GitHub is no longer supported, specifically mentioning the creation of a personal access token. It also provides a link to additional relevant resources, which enhances the answer's usefulness and relevance."
RELEVANT,"The generated answer directly addresses the question by providing a specific resource (a link) where the user can find instructions for installing TensorFlow GPU on Ubuntu. It also mentions important prerequisites, such as installing CUDA and cuDNN, which are necessary for proper GPU support, further enhancing the relevance of the response."
RELEVANT,The generated answer accurately describes the role of `y_true` in calculating the AUC score using sklearn's `roc_auc_score` function. It correctly identifies `y_true` as the ground truth values and explains its significance in relation to the predicted scores (`y_score`). This directly addresses the question asked.
RELEVANT,"The generated answer directly addresses the question by explaining how Quinn Avila resolved the specific issue of Jupyter notebook not recognizing a newly installed package. It provides a clear action taken ('restarting the Jupyter notebook') and mentions the installation of the package ('pip install pillow'), which aligns perfectly with the query."
RELEVANT,"The generated answer directly addresses the modification made to the `median_house_value` target in the homework by explaining that it was changed to a binary format. Additionally, it provides context about the reason for this change, linking it to the calculation of mutual information, which is relevant to the question asked."
